<?xml version="1.0" standalone="no"?>
<manifest identifier="completionExample" version="1.0" xmlns="http://www.imsglobal.org/xsd/imscp_v1p1" xmlns:adlcp="http://www.adlnet.org/xsd/adlcp_v1p3" xmlns:adlseq="http://www.adlnet.org/xsd/adlseq_v1p3" xmlns:adlnav="http://www.adlnet.org/xsd/adlnav_v1p3" xmlns:imsss="http://www.imsglobal.org/xsd/imsss" xmlns:xsi="http://www.w3.org/2001/XMLSchema-instance" xsi:schemaLocation="http://www.imsglobal.org/xsd/imscp_v1p1 imscp_v1p1.xsd&#xD;&#xA;			http://www.imsglobal.org/xsd/imsss imsss_v1p0.xsd&#xD;&#xA;			http://www.adlnet.org/xsd/adlcp_v1p3 adlcp_v1p3.xsd&#xD;&#xA;			http://www.adlnet.org/xsd/adlseq_v1p3 adlseq_v1p3.xsd&#xD;&#xA;			http://www.adlnet.org/xsd/adlnav_v1p3 adlnav_v1p3.xsd">
  <metadata>
    <schema>ADL SCORM</schema>
    <schemaversion>2004 3rd Edition</schemaversion>
  </metadata>
  <organizations default="org_wisconline_112213">
    <organization identifier="org_wisconline_112213">
      <title>كتب الفقهاء الحنفية</title>
      <item identifier="flashcardItem" identifierref="flashcardItem_resource">
        <title>كتب الفقهاء الحنفية</title>
        <imsss:sequencing>
          <imsss:controlMode choiceExit="true" />
          <imsss:deliveryControls completionSetByContent="true" objectiveSetByContent="true" />
        </imsss:sequencing>
      </item>
      <imsss:sequencing>
        <imsss:controlMode flow="true" />
      </imsss:sequencing>
    </organization>
  </organizations>
  <resources>
    <resource identifier="flashcardItem_resource" adlcp:scormType="sco" href="index.html" type="webcontent">
      <file href="index.html" />
      <file href="lib/SCORM_API_wrapper.js" />
      <file href="lib/ScormHelper.js" />
      <file href="lib/jquery-1.11.1.min.js" />
      <file href="lib/createjs-2015.11.26.min.js" />
      <file href="src/ButtonClickDry.mp3" />
      <file href="src/createjs.min.js" />
      <file href="src/deflate.mp3" />
      <file href="src/game.js" />
      <file href="src/instructions_background.png" />
      <file href="src/instructions_question.png" />
      <file href="src/musicOff.png" />
      <file href="src/musicOn.png" />
      <file href="src/plain_background.jpg" />
      <file href="src/RapidFireInstructions.png" />
      <file href="src/rf_Balloon_Pop.mp3" />
      <file href="src/rf_blueLongBalloon.png" />
      <file href="src/rf_blueRoundBalloon.png" />
      <file href="src/rf_crossHairs.png" />
      <file href="src/rf_game_cursor.png" />
      <file href="src/rf_greenLongBalloon.png" />
      <file href="src/rf_greenRoundBalloon.png" />
      <file href="src/rf_plainBackground.jpg" />
      <file href="src/rf_POP.png" />
      <file href="src/rf_rabbit.png" />
      <file href="src/rf_redLongBalloon.png" />
      <file href="src/rf_redRoundBalloon.png" />
      <file href="src/rf_skyBackground.jpg" />
      <file href="src/rf_skyFinalBackground.png" />
      <file href="src/rf_spaceBackground.jpg" />
      <file href="src/rf_titleStartBtn.png" />
      <file href="src/rf_turbitt.png" />
      <file href="src/rf_turtle.png" />
      <file href="src/rf_whiteCrosshair.png" />
      <file href="src/rf_yellowLongBalloon.png" />
      <file href="src/rf_yellowRoundBalloon.png" />
      <file href="src/start_button.png" />
      <file href="src/test.html" />
      <file href="src/title_background.jpg" />
    </resource>
  </resources>
</manifest>